include,path,category,confidence,words,modified,reason
no,__ARCHIVE/a16z-speedrun-application-2026-05-15.md,archive,high,1686,2026-05-25,"Retired/archived content"
no,__ARCHIVE/agent-outreach-gameplan.md,archive,high,3441,2026-05-14,"Retired/archived content"
no,__ARCHIVE/applications-on-tokenrip-strategy-2026-04-29.md,archive,high,2485,2026-05-01,"Retired/archived content"
no,__ARCHIVE/bd-channel-job-req-2026-05-23.md,archive,high,1064,2026-05-25,"Retired/archived content"
no,__ARCHIVE/bd-channel-upwork-2026-05-23/upwork-search-terms.md,archive,high,1237,2026-05-26,"Retired/archived content"
no,__ARCHIVE/bd-motion-a-firm-direct-2026-05-01/content-strategy-simon.md,archive,high,957,2026-05-26,"Retired/archived content"
no,__ARCHIVE/bd-motion-a-firm-direct-2026-05-01/demo-spec.md,archive,high,1662,2026-05-26,"Retired/archived content"
no,__ARCHIVE/bd-motion-a-firm-direct-2026-05-01/kpis.md,archive,high,2016,2026-05-26,"Retired/archived content"
no,__ARCHIVE/bd-motion-a-firm-direct-2026-05-01/README.md,archive,high,506,2026-05-08,"Retired/archived content"
no,__ARCHIVE/bd-motion-a-firm-direct-2026-05-01/reference-rights-letter-template.md,archive,high,834,2026-05-20,"Retired/archived content"
no,__ARCHIVE/bd-motion-a-firm-direct-2026-05-01/starting-guide.md,archive,high,3015,2026-05-26,"Retired/archived content"
no,__ARCHIVE/bd-motion-e-audience-led-2026-05-18/audience-led-gameplan.md,archive,high,5040,2026-05-25,"Retired/archived content"
no,__ARCHIVE/bd-motion-e-audience-led-2026-05-18/kpis.md,archive,high,1023,2026-05-26,"Retired/archived content"
no,__ARCHIVE/bd-motion-e-audience-led-2026-05-18/outreach-templates.md,archive,high,1243,2026-06-08,"Retired/archived content"
no,__ARCHIVE/bd-motion-e-audience-led-2026-05-18/README.md,archive,high,369,2026-05-08,"Retired/archived content"
no,__ARCHIVE/bottom-up-distribution-playbook-2026-05-06.md,archive,high,3150,2026-05-25,"Retired/archived content"
no,__ARCHIVE/chief-of-staff-launch-design-2026-04-27.md,archive,high,6555,2026-05-25,"Retired/archived content"
no,__ARCHIVE/chief-of-staff-page-design-brief-2026-05-03.md,archive,high,2378,2026-05-25,"Retired/archived content"
no,__ARCHIVE/citrini-2028-gic-analysis.md,archive,high,1317,2026-05-01,"Retired/archived content"
no,__ARCHIVE/distribution-experiment-plan-2026-04-22.md,archive,high,1394,2026-05-26,"Retired/archived content"
no,__ARCHIVE/distribution-experiment-plan-workflow-2.md,archive,high,1194,2026-05-26,"Retired/archived content"
no,__ARCHIVE/extraction-engine-design-2026-05-30.md,archive,high,3838,2026-06-11,"Retired/archived content"
no,__ARCHIVE/intelligence-engine/intelligence-engine-design.md,archive,high,4082,2026-06-04,"Retired/archived content"
no,__ARCHIVE/intelligence-engine/intelligence-engine.md,archive,high,5465,2026-06-04,"Retired/archived content"
no,__ARCHIVE/intelligence-engine/platform-roadmap.md,archive,high,2564,2026-06-04,"Retired/archived content"
no,__ARCHIVE/intelligence-engine/tokenrip-blog-architecture-2026-04-11.md,archive,high,5050,2026-06-04,"Retired/archived content"
no,__ARCHIVE/paid-pilot-strategy-2026-04-29.md,archive,high,5242,2026-05-26,"Retired/archived content"
no,__ARCHIVE/product/tokenrip/thinking-notes.md,archive,high,2308,2026-04-22,"Retired/archived content"
no,__ARCHIVE/product/tokenrip/tokenrip-architecture.md,archive,high,2053,2026-05-01,"Retired/archived content"
no,__ARCHIVE/product/tokenrip/tokenrip-collections.md,archive,high,1133,2026-05-01,"Retired/archived content"
no,__ARCHIVE/product/tokenrip/tokenrip-coordination-data-model.md,archive,high,2946,2026-04-22,"Retired/archived content"
no,__ARCHIVE/product/tokenrip/tokenrip-coordination.md,archive,high,3856,2026-04-22,"Retired/archived content"
no,__ARCHIVE/product/tokenrip/tokenrip-exploration.md,archive,high,6989,2026-04-22,"Retired/archived content"
no,__ARCHIVE/product/tokenrip/tokenrip-folders.md,archive,high,1607,2026-05-01,"Retired/archived content"
no,__ARCHIVE/product/tokenrip/tokenrip-messaging-architecture.md,archive,high,3573,2026-04-22,"Retired/archived content"
no,__ARCHIVE/product/tokenrip/tokenrip-messaging.md,archive,high,5725,2026-05-01,"Retired/archived content"
no,__ARCHIVE/product/tokenrip/tokenrip-platform-context.md,archive,high,1569,2026-05-01,"Retired/archived content"
no,__ARCHIVE/product/tokenrip/tokenrip-workspaces.md,archive,high,951,2026-05-01,"Retired/archived content"
no,__ARCHIVE/product/tokenrip/tokenrip.md,archive,high,2638,2026-04-22,"Retired/archived content"
no,__ARCHIVE/review-demand-scout-requirements-2026-05-19.md,archive,high,98,2026-05-26,"Retired/archived content"
no,__ARCHIVE/review-luai-proposal-2026-05-20.md,archive,high,973,2026-05-26,"Retired/archived content"
no,__ARCHIVE/sponge-competitive-analysis-2026-03-09.md,archive,high,2299,2026-05-01,"Retired/archived content"
no,__ARCHIVE/tool-layer-design-brief-2026-05-10.md,archive,high,3815,2026-06-04,"Retired/archived content"
no,__ARCHIVE/yc-application-answers-2026-05-02.md,archive,high,1878,2026-05-26,"Retired/archived content"
no,__ARCHIVE/yc-strategy.md,archive,high,3147,2026-05-26,"Retired/archived content"
no,__ARCHIVE/yc-tokenrip-pitch-framing-2026-05-02-codex.md,archive,high,5788,2026-05-26,"Retired/archived content"
no,__RESOURCES/ai-shit.md,reference,high,294,2026-06-02,"External links/resources"
no,__RESOURCES/cognee-memory-infrastructure-research-2026-05-21.md,reference,high,674,2026-05-26,"External links/resources"
no,__RESOURCES/composio-tool-broker-analysis-2026-05-23.md,reference,high,1943,2026-05-26,"External links/resources"
no,__RESOURCES/nango-integration-infrastructure-analysis-2026-05-25.md,reference,high,4312,2026-06-08,"External links/resources"
no,__RESOURCES/rag-pipeline-system-design-10m-docs.md,reference,high,512,2026-06-02,"External links/resources"
no,__RESOURCES/yc-startup-metrics-frameworks.md,reference,high,3261,2026-05-26,"External links/resources"
no,_inbox/blog-idea.md,wip-inbox,med,927,2026-04-22,"Inbox staging — transient; review"
no,_inbox/ef-product-spec-review-2026-06-02.md,wip-inbox,med,518,2026-06-06,"Inbox staging — transient; review"
no,_inbox/equipment-finance-build-architecture-review-2026-06-02.md,wip-inbox,med,337,2026-06-06,"Inbox staging — transient; review"
no,_inbox/REVIEW-houston-pipeline-2026-06-16.md,wip-inbox,med,182,2026-06-16,"Inbox staging — transient; review"
no,_inbox/review-marketing-plan-2026-06-04.md,wip-inbox,med,255,2026-06-06,"Inbox staging — transient; review"
no,_inbox/review-operating-gameplan-2026-06-04.md,wip-inbox,med,276,2026-06-06,"Inbox staging — transient; review"
no,_inbox/review-restoration-lead-gen-specs-2026-06-12.md,wip-inbox,med,166,2026-06-12,"Inbox staging — transient; review"
no,_inbox/review-tokenrip-tool-catalog-spec-2026-05-18.md,wip-inbox,med,191,2026-06-06,"Inbox staging — transient; review"
no,_inbox/review-tokenrip-vision-roadmap.md,wip-inbox,med,182,2026-06-09,"Inbox staging — transient; review"
no,_inbox/review-workspace-brain-2026-06-14.md,wip-inbox,med,266,2026-06-14,"Inbox staging — transient; review"
no,_inbox/review-youtube-pipeline-guide-2026-06-14.md,wip-inbox,med,226,2026-06-14,"Inbox staging — transient; review"
no,_system/codex-setup.md,tooling,high,236,2026-05-06,"Vault system/instructions"
no,active/aicap-discovery/aicap-credentialing-integration-research-2026-06-02.md,wip-active,med,3357,2026-06-06,"Deal-specific credentialing research"
no,active/aicap-discovery/aicap-integration-discovery-deliverable-draft-2026-06-05.md,wip-active,med,5403,2026-06-06,"Client deliverable for one prospect"
no,active/aicap-discovery/aicap-integration-discovery-roadmap-2026-06-05.md,wip-active,med,5050,2026-06-06,"Engagement roadmap for one deal"
no,active/aicap-discovery/aicap-integration-feasibility-findings-2026-06-02.md,wip-active,med,3519,2026-06-06,"Deal-specific feasibility findings"
no,active/aicap-discovery/aicap-path-d-and-credsimple-analysis-2026-06-02.md,wip-active,med,2386,2026-06-06,"Deal-specific research analysis"
no,active/aicap-discovery/aicap-project-reference-sheet.md,wip-active,med,694,2026-06-06,"Prospect/project reference sheet"
no,active/aicap-discovery/outreach-emails-2026-06-02.md,wip-active,med,953,2026-06-06,"Outreach drafts for one deal"
no,active/chief-of-staff-v0-2026-05-01.md,wip-active,med,5295,2026-05-20,"Dated launch/demo design for YC"
no,active/marketing-plan-2026-06-04.md,wip-active,med,2355,2026-06-08,"Dated tactical marketing plan"
no,active/moa-build-debrief-reply-guy-2026-06-12.md,wip-active,med,2177,2026-06-12,"Build debrief/punch list"
no,active/operating-gameplan-2026-06-04.md,wip-active,med,2144,2026-06-04,"Dated operating gameplan"
no,active/quintel-broker-first-gameplan-2026-06-08.md,wip-active,med,2130,2026-06-08,"Dated GTM gameplan for one motion"
no,active/quintel-katharine-demo-prep-2026-06-16.md,wip-active,med,1885,2026-06-16,"Prospect-specific demo prep"
no,active/restoration-houston-pipeline/houston-leads-2026-06-16.md,wip-active,med,1136,2026-06-16,"Dated lead list for prospect"
no,active/restoration-houston-pipeline/houston-pipeline-technical-architecture-2026-06-16.md,wip-active,med,2501,2026-06-16,"Technical build spec"
no,active/restoration-lead-gen-gtm-playbook-2026-06-12.md,wip-active,med,1646,2026-06-12,"Dated GTM playbook for one motion"
no,active/restoration-lead-gen-technical-spec-2026-06-12.md,wip-active,med,1526,2026-06-12,"Technical pipeline spec"
yes,active/salesforce-deal-model-vs-deal-graph-2026-06-04.md,wip-active,med,1540,2026-06-04,"Settled positioning vs Salesforce; deal-graph moat"
yes,active/salesforce-primer-and-overlap-analysis-2026-06-05.md,wip-active,med,2483,2026-06-05,"Canonical Salesforce-vs-Quintel positioning"
yes,active/semantic-workspaces-multiplayer-and-gtm-2026-06-11.md,wip-active,med,3023,2026-06-12,"Core semantic-substrate thesis"
no,active/site-updates-for-yc-2026-05-01.md,wip-active,med,6618,2026-05-20,"Dated site implementation plan"
no,active/tokenrip-chatgpt-app-launch-design-2026-05-26.md,wip-active,med,3051,2026-06-04,"Dated app launch design"
yes,active/tokenrip-context-briefing.md,wip-active,med,2554,2026-06-11,"Canonical company context/positioning"
yes,active/tokenrip-semantic-substrate-canonical-opus-2026-06-11.md,wip-active,med,6023,2026-06-14,"Canonical semantic-substrate synthesis"
yes,active/tokenrip-shared-context-v2.md,wip-active,med,3657,2026-04-19,"Canonical vision/worldview doctrine"
yes,active/tokenrip-shared-memory-canonical-fable-2026-06-11.md,wip-active,med,6121,2026-06-14,"Canonical shared-memory synthesis"
yes,active/tokenrip-shared-memory-gtm-and-magic-demo-2026-06-11.md,wip-active,med,3748,2026-06-12,"Core shared-memory thesis (source lens)"
no,active/tokenrip-tool-catalog-imprint-spec-2026-05-18.md,wip-active,med,2075,2026-05-18,"PRD/roadmap, deprecated motion"
yes,active/tokenrip-vision-and-roadmap-2026-06-09.md,wip-active,med,5268,2026-06-14,"Canonical vision + category claim"
no,active/tokenrip-youtube-pipeline-guide-2026-06-14.md,wip-active,med,2718,2026-06-14,"Build/reference guide for tooling"
yes,active/ui-surface-infra-thesis-2026-05-25.md,wip-active,med,6709,2026-05-26,"Durable UI-surface-infra positioning thesis"
yes,active/workspace-brain-architecture-2026-06-14.md,wip-active,med,2857,2026-06-14,"Durable workspace-brain product-truth"
no,active/x-links-inbox-2026-05-01.md,wip-active,med,216,2026-05-01,"Raw links inbox, transient"
no,agents/bean/CLAUDE.md,tooling,high,347,2026-05-14,"Agent/instruction file"
no,agents/bean/ideas/_template.md,template,high,78,2026-04-19,"Template"
no,agents/bean/ideas/agent-to-agent-outreach.md,thesis-idea,med,549,2026-04-27,"Developing idea — not settled doctrine; review"
no,agents/bean/ideas/agentic-artifact-coordination.md,thesis-idea,med,2832,2026-06-04,"Developing idea — not settled doctrine; review"
no,agents/bean/ideas/agentic-intelligence-marketplace.md,thesis-idea,med,1870,2026-06-04,"Developing idea — not settled doctrine; review"
no,agents/bean/ideas/audience-led-deployment.md,thesis-idea,med,1176,2026-05-17,"Developing idea — not settled doctrine; review"
no,agents/bean/ideas/autonomous-machine-operating-model.md,thesis-idea,med,515,2026-06-08,"Developing idea — not settled doctrine; review"
no,agents/bean/ideas/chief-of-staff-agent.md,thesis-idea,med,1629,2026-05-01,"Developing idea — not settled doctrine; review"
no,agents/bean/ideas/creator-agent-marketplace.md,thesis-idea,med,806,2026-05-17,"Developing idea — not settled doctrine; review"
no,agents/bean/ideas/custom-gpt-product-hunt-launch.md,thesis-idea,med,1386,2026-05-26,"Developing idea — not settled doctrine; review"
no,agents/bean/ideas/distribution-experiment-framework.md,thesis-idea,med,478,2026-04-27,"Developing idea — not settled doctrine; review"
no,agents/bean/ideas/equipment-finance-broker-first.md,thesis-idea,med,664,2026-06-11,"Developing idea — not settled doctrine; review"
no,agents/bean/ideas/folders-as-organizational-primitive.md,thesis-idea,med,324,2026-04-22,"Developing idea — not settled doctrine; review"
no,agents/bean/ideas/marketing-motion-distribution.md,thesis-idea,med,764,2026-06-14,"Developing idea — not settled doctrine; review"
no,agents/bean/ideas/mounted-agent-model.md,thesis-idea,med,1295,2026-05-01,"Developing idea — not settled doctrine; review"
no,agents/bean/ideas/semantic-search-shared-memory.md,thesis-idea,med,1296,2026-06-14,"Developing idea — not settled doctrine; review"
no,agents/bean/ideas/semantic-workspaces-multiplayer.md,thesis-idea,med,788,2026-06-14,"Developing idea — not settled doctrine; review"
no,agents/bean/ideas/skill-packaging-and-tool-layer.md,thesis-idea,med,1102,2026-05-17,"Developing idea — not settled doctrine; review"
no,agents/bean/ideas/substrate-gtm-wrappers.md,thesis-idea,med,640,2026-06-12,"Developing idea — not settled doctrine; review"
no,agents/bean/ideas/ui-surface-infra.md,thesis-idea,med,885,2026-05-26,"Developing idea — not settled doctrine; review"
no,agents/bean/ideas/workplace-bottom-up-agent-adoption.md,thesis-idea,med,1215,2026-05-17,"Developing idea — not settled doctrine; review"
no,agents/bean/ideas/workspace-brain.md,thesis-idea,med,624,2026-06-14,"Developing idea — not settled doctrine; review"
no,agents/bean/insights.md,agent-ops,high,8277,2026-06-14,"Thinking-partner ops/memory"
no,agents/bean/persona.md,agent-ops,high,784,2026-05-14,"Thinking-partner ops/memory"
no,agents/bean/sessions/_template.md,agent-memory,high,44,2026-04-19,"Agent operational memory/log"
no,agents/bean/sessions/2026-04-20.md,agent-memory,high,155,2026-04-22,"Agent operational memory/log"
no,agents/bean/sessions/2026-04-22.md,agent-memory,high,517,2026-04-22,"Agent operational memory/log"
no,agents/bean/sessions/2026-04-23.md,agent-memory,high,370,2026-04-27,"Agent operational memory/log"
no,agents/bean/sessions/2026-04-24.md,agent-memory,high,358,2026-04-27,"Agent operational memory/log"
no,agents/bean/sessions/2026-04-25.md,agent-memory,high,314,2026-05-01,"Agent operational memory/log"
no,agents/bean/sessions/2026-04-27.md,agent-memory,high,571,2026-05-01,"Agent operational memory/log"
no,agents/bean/sessions/2026-04-28.md,agent-memory,high,526,2026-05-01,"Agent operational memory/log"
no,agents/bean/sessions/2026-04-30.md,agent-memory,high,679,2026-05-01,"Agent operational memory/log"
no,agents/bean/sessions/2026-05-06.md,agent-memory,high,724,2026-05-17,"Agent operational memory/log"
no,agents/bean/sessions/2026-05-07.md,agent-memory,high,564,2026-05-17,"Agent operational memory/log"
no,agents/bean/sessions/2026-05-08.md,agent-memory,high,609,2026-05-17,"Agent operational memory/log"
no,agents/bean/sessions/2026-05-10.md,agent-memory,high,497,2026-05-17,"Agent operational memory/log"
no,agents/bean/sessions/2026-05-14.md,agent-memory,high,806,2026-05-17,"Agent operational memory/log"
no,agents/bean/sessions/2026-05-25.md,agent-memory,high,843,2026-06-02,"Agent operational memory/log"
no,agents/bean/sessions/2026-06-04.md,agent-memory,high,438,2026-06-11,"Agent operational memory/log"
no,agents/bean/sessions/2026-06-08.md,agent-memory,high,500,2026-06-11,"Agent operational memory/log"
no,agents/bean/sessions/2026-06-11.md,agent-memory,high,1049,2026-06-12,"Agent operational memory/log"
no,agents/bean/sessions/2026-06-13.md,agent-memory,high,736,2026-06-14,"Agent operational memory/log"
no,agents/blog-agent/blog-agent-full-reference.md,agent-ops,high,2114,2026-05-20,"Agent persona/ops, not doctrine"
no,agents/CLAUDE.md,tooling,high,366,2026-06-04,"Agent/instruction file"
no,agents/closer/context.md,agent-ops,high,1333,2026-06-02,"Agent persona/ops, not doctrine"
no,agents/closer/insurance-linkedin-outreach.md,agent-ops,high,1291,2026-06-02,"Agent persona/ops, not doctrine"
no,agents/closer/memory/patterns.md,agent-memory,high,2573,2026-06-02,"Agent operational memory/log"
no,agents/closer/memory/sessions/_template.md,agent-memory,high,61,2026-05-17,"Agent operational memory/log"
no,agents/closer/memory/sessions/2026-05-16.md,agent-memory,high,260,2026-05-20,"Agent operational memory/log"
no,agents/closer/memory/sessions/2026-05-18-demolition-bid.md,agent-memory,high,847,2026-05-20,"Agent operational memory/log"
no,agents/closer/memory/sessions/2026-05-18-ecommerce-automation-bid.md,agent-memory,high,414,2026-05-20,"Agent operational memory/log"
no,agents/closer/memory/sessions/2026-05-18-tax-fraud-analysis-bid.md,agent-memory,high,700,2026-05-20,"Agent operational memory/log"
no,agents/closer/memory/sessions/2026-05-18.md,agent-memory,high,850,2026-05-20,"Agent operational memory/log"
no,agents/closer/memory/sessions/2026-05-19-cover-letters-and-playbook-rewrite.md,agent-memory,high,470,2026-05-20,"Agent operational memory/log"
no,agents/closer/memory/sessions/2026-05-19-insurance-linkedin-outreach.md,agent-memory,high,385,2026-05-20,"Agent operational memory/log"
no,agents/closer/memory/sessions/2026-05-20-luai-proposal.md,agent-memory,high,733,2026-05-25,"Agent operational memory/log"
no,agents/closer/memory/sessions/2026-05-25-alex-khadempour-portfolio-pack.md,agent-memory,high,1240,2026-06-02,"Agent operational memory/log"
no,agents/closer/persona.md,agent-ops,high,474,2026-05-17,"Agent persona/ops, not doctrine"
no,agents/closer/upwork-proposal-playbook.md,agent-ops,high,4881,2026-06-12,"Agent persona/ops, not doctrine"
no,agents/engagement-agent/engagement-agent-design.md,agent-ops,high,1219,2026-05-01,"Agent persona/ops, not doctrine"
no,agents/engagement-agent/engagement-agent-full-reference.md,agent-ops,high,2785,2026-05-01,"Agent persona/ops, not doctrine"
no,agents/engagement-agent/engagement-agent-spec.md,agent-ops,high,2022,2026-05-01,"Agent persona/ops, not doctrine"
no,agents/yoda/CLAUDE.md,agent-ops,high,339,2026-05-20,"Agent persona/ops, not doctrine"
no,agents/yoda/context.md,agent-ops,high,2204,2026-06-08,"Agent persona/ops, not doctrine"
no,agents/yoda/frameworks/founder-psychology.md,agent-ops,high,1007,2026-04-19,"Agent persona/ops, not doctrine"
no,agents/yoda/frameworks/prioritization.md,agent-ops,high,1010,2026-04-19,"Agent persona/ops, not doctrine"
no,agents/yoda/memory/blindspots.md,agent-memory,high,141,2026-04-19,"Agent operational memory/log"
no,agents/yoda/memory/decisions-log.md,agent-memory,high,2715,2026-06-08,"Agent operational memory/log"
no,agents/yoda/memory/goals.md,agent-memory,high,3621,2026-06-08,"Agent operational memory/log"
no,agents/yoda/memory/insights.md,agent-memory,high,12983,2026-06-08,"Agent operational memory/log"
no,agents/yoda/memory/mental-playbook.md,agent-memory,high,558,2026-06-02,"Agent operational memory/log"
no,agents/yoda/memory/sessions/_template.md,agent-memory,high,108,2026-04-19,"Agent operational memory/log"
no,agents/yoda/memory/sessions/2026-04-20.md,agent-memory,high,676,2026-04-20,"Agent operational memory/log"
no,agents/yoda/memory/sessions/2026-04-27.md,agent-memory,high,862,2026-05-01,"Agent operational memory/log"
no,agents/yoda/memory/sessions/2026-04-30.md,agent-memory,high,1986,2026-05-01,"Agent operational memory/log"
no,agents/yoda/memory/sessions/2026-05-06.md,agent-memory,high,1270,2026-05-17,"Agent operational memory/log"
no,agents/yoda/memory/sessions/2026-05-08.md,agent-memory,high,1073,2026-05-17,"Agent operational memory/log"
no,agents/yoda/memory/sessions/2026-05-11.md,agent-memory,high,1134,2026-05-17,"Agent operational memory/log"
no,agents/yoda/memory/sessions/2026-05-18.md,agent-memory,high,950,2026-05-20,"Agent operational memory/log"
no,agents/yoda/memory/sessions/2026-05-19.md,agent-memory,high,495,2026-05-20,"Agent operational memory/log"
no,agents/yoda/memory/sessions/2026-05-23.md,agent-memory,high,955,2026-05-25,"Agent operational memory/log"
no,agents/yoda/memory/sessions/2026-05-31.md,agent-memory,high,966,2026-06-02,"Agent operational memory/log"
no,agents/yoda/memory/sessions/2026-06-08.md,agent-memory,high,1142,2026-06-11,"Agent operational memory/log"
no,agents/yoda/memory/sessions/2026-06-14.md,agent-memory,high,1250,2026-06-14,"Agent operational memory/log"
no,agents/yoda/persona.md,agent-ops,high,745,2026-05-20,"Agent persona/ops, not doctrine"
no,bd/calls/contacts/alex-khadempour.md,transcript,high,899,2026-05-26,"Call transcript / raw notes"
no,bd/calls/contacts/andy-cooper.md,transcript,high,746,2026-06-02,"Call transcript / raw notes"
no,bd/calls/contacts/devan-phillips.md,transcript,high,1208,2026-06-02,"Call transcript / raw notes"
no,bd/calls/contacts/gautham-kolluri.md,transcript,high,464,2026-06-02,"Call transcript / raw notes"
no,bd/calls/contacts/katharine-rudzitis.md,transcript,high,904,2026-06-16,"Call transcript / raw notes"
no,bd/calls/contacts/luai-elhaj.md,transcript,high,694,2026-05-27,"Call transcript / raw notes"
no,bd/calls/contacts/paul-dorasil.md,transcript,high,1119,2026-05-25,"Call transcript / raw notes"
no,bd/calls/contacts/stauss-paulos.md,transcript,high,4958,2026-06-06,"Call transcript / raw notes"
no,bd/calls/contacts/stephanie-williamson.md,transcript,high,2742,2026-06-06,"Call transcript / raw notes"
no,bd/calls/contacts/ted-craver.md,transcript,high,1340,2026-06-02,"Call transcript / raw notes"
no,bd/calls/contacts/vijay-laknidhi.md,transcript,high,586,2026-05-20,"Call transcript / raw notes"
no,bd/calls/notes/alex-khadempour-2026-05-25.md,transcript,high,2174,2026-05-26,"Call transcript / raw notes"
no,bd/calls/notes/devan-phillips-2026-06-01.md,transcript,high,1812,2026-06-02,"Call transcript / raw notes"
no,bd/calls/notes/gautham-kolluri-2026-05-26.md,transcript,high,1593,2026-06-02,"Call transcript / raw notes"
no,bd/calls/notes/luai-elhaj-2026-05-20.md,transcript,high,1534,2026-05-26,"Call transcript / raw notes"
no,bd/calls/notes/paul-dorasil-2026-05-21.md,transcript,high,2334,2026-05-25,"Call transcript / raw notes"
no,bd/calls/notes/stauss-paulos-2026-05-28.md,transcript,high,1544,2026-06-02,"Call transcript / raw notes"
no,bd/calls/notes/stauss-paulos-2026-05-29.md,transcript,high,2027,2026-06-02,"Call transcript / raw notes"
no,bd/calls/notes/stauss-paulos-2026-06-01.md,transcript,high,1835,2026-06-02,"Call transcript / raw notes"
no,bd/calls/notes/stauss-paulos-2026-06-04.md,transcript,high,1703,2026-06-11,"Call transcript / raw notes"
no,bd/calls/notes/stephanie-williamson-2026-05-26.md,transcript,high,2245,2026-06-02,"Call transcript / raw notes"
no,bd/calls/notes/stephanie-williamson-2026-05-30.md,transcript,high,2220,2026-06-08,"Call transcript / raw notes"
no,bd/calls/notes/ted-craver-2026-06-01.md,transcript,high,1560,2026-06-02,"Call transcript / raw notes"
no,bd/calls/notes/vijay-laknidhi-2026-05-19.md,transcript,high,1268,2026-05-20,"Call transcript / raw notes"
no,bd/calls/proposals/alex-khadempour-demo-plan-2026-05-26.md,transcript,high,2763,2026-05-26,"Call transcript / raw notes"
no,bd/calls/proposals/luai-elhaj-2026-05-20-final.md,transcript,high,2524,2026-05-27,"Call transcript / raw notes"
no,bd/calls/proposals/stephanie-williamson-2026-05-27-final.md,transcript,high,2307,2026-06-02,"Call transcript / raw notes"
no,bd/calls/proposals/stephanie-williamson-2026-06-02-discovery.md,transcript,high,846,2026-06-04,"Call transcript / raw notes"
no,bd/calls/transcripts/alex-khadempour-2026-05-25.md,transcript,high,2825,2026-05-26,"Call transcript / raw notes"
no,bd/calls/transcripts/devan-phillips-2026-06-01.md,transcript,high,1812,2026-06-02,"Call transcript / raw notes"
no,bd/calls/transcripts/gautham-kolluri-2026-05-26.md,transcript,high,1865,2026-06-02,"Call transcript / raw notes"
no,bd/calls/transcripts/luai-elhaj-2026-05-20.md,transcript,high,2621,2026-05-26,"Call transcript / raw notes"
no,bd/calls/transcripts/paul-dorasil-2026-05-21.md,transcript,high,2276,2026-05-25,"Call transcript / raw notes"
no,bd/calls/transcripts/stauss-paulos-2026-05-28.md,transcript,high,3483,2026-06-02,"Call transcript / raw notes"
no,bd/calls/transcripts/stauss-paulos-2026-05-29.md,transcript,high,7662,2026-06-02,"Call transcript / raw notes"
no,bd/calls/transcripts/stauss-paulos-2026-06-01.md,transcript,high,2537,2026-06-02,"Call transcript / raw notes"
no,bd/calls/transcripts/stauss-paulos-2026-06-04.md,transcript,high,4438,2026-06-11,"Call transcript / raw notes"
no,bd/calls/transcripts/stephanie-williamson-2026-05-26.md,transcript,high,4958,2026-06-02,"Call transcript / raw notes"
no,bd/calls/transcripts/stephanie-williamson-2026-05-30.md,transcript,high,2479,2026-06-02,"Call transcript / raw notes"
no,bd/calls/transcripts/ted-craver-2026-06-01.md,transcript,high,2883,2026-06-02,"Call transcript / raw notes"
no,bd/calls/transcripts/vijay-laknidhi-2026-05-19.md,transcript,high,1879,2026-05-20,"Call transcript / raw notes"
no,bd/CLAUDE.md,bd-deal,high,535,2026-06-02,"Business development / deal state"
no,bd/deals/CLAUDE.md,bd-deal,high,554,2026-06-04,"Business development / deal state"
no,bd/deals/equipment-finance/equipment-finance-domain-primer-2026-05-30.md,bd-deal,high,9699,2026-06-06,"Business development / deal state"
no,bd/deals/equipment-finance/stauss-vfi-tokenrip-briefing.md,bd-deal,high,6607,2026-06-06,"Business development / deal state"
no,bd/deals/equipment-finance/vfi-deal-process.md,bd-deal,high,646,2026-06-14,"Business development / deal state"
no,bd/get-a-sale/channel-verdicts.md,bd-deal,high,578,2026-06-02,"Business development / deal state"
no,bd/get-a-sale/CLAUDE.md,bd-deal,high,858,2026-06-01,"Business development / deal state"
no,bd/get-a-sale/demand-scout-spec.md,bd-deal,high,957,2026-05-26,"Business development / deal state"
no,bd/get-a-sale/linkedin-pipeline.md,bd-deal,high,399,2026-05-25,"Business development / deal state"
no,bd/learnings/taxdome-call-learnings-2026-04-29.md,bd-deal,high,3087,2026-05-16,"Business development / deal state"
no,bd/reference/icps.md,bd-deal,high,2984,2026-06-02,"Business development / deal state"
no,bd/reference/lead-gen-sales-navigator.md,bd-deal,high,2252,2026-05-26,"Business development / deal state"
no,bd/reference/linkedin-canned-messages.md,bd-deal,high,1439,2026-06-02,"Business development / deal state"
no,bd/reference/motions-and-strategy.md,bd-deal,high,3144,2026-05-26,"Business development / deal state"
no,bd/reference/operations-and-hiring.md,bd-deal,high,2452,2026-05-01,"Business development / deal state"
no,bd/reference/sales-machine-framework.md,bd-deal,high,1101,2026-05-26,"Business development / deal state"
no,bd/reference/term-sheet-template.md,bd-deal,high,1434,2026-05-26,"Business development / deal state"
no,bd/reference/vertical-selection-rubric.md,bd-deal,high,1864,2026-06-06,"Business development / deal state"
no,bd/weekly-kpi-scorecard.md,bd-deal,high,1040,2026-05-20,"Business development / deal state"
no,CLAUDE.md,tooling,high,1775,2026-06-09,"Agent/instruction file"
no,codex.md,other,low,421,2026-05-06,"Unclassified — review"
no,content/blog-schedule.md,ops,high,1033,2026-06-14,"Content ops"
no,content/CLAUDE.md,tooling,high,391,2026-06-04,"Agent/instruction file"
no,content/drafts/agent-native-crm-draft.md,draft-pov,med,1498,2026-05-14,"Unpublished draft — review"
no,content/drafts/agent-readable-pages-draft.md,draft-pov,med,1519,2026-05-14,"Unpublished draft — review"
no,content/drafts/context-engineering-draft.md,draft-pov,med,2025,2026-05-17,"Unpublished draft — review"
no,content/drafts/operations-as-primitives-draft.md,draft-pov,med,1555,2026-05-17,"Unpublished draft — review"
no,content/drafts/workflows-eat-apps-draft.md,draft-pov,med,1729,2026-06-14,"Unpublished draft — review"
no,content/plans/blog-post-framework.md,planning,high,2420,2026-05-01,"Editorial calendar/plan"
no,content/plans/blog-series-1-multi-agent-collaboration-plan.md,planning,high,1488,2026-05-01,"Editorial calendar/plan"
no,content/plans/blog-series-2-agent-native-operations-plan.md,planning,high,2346,2026-05-01,"Editorial calendar/plan"
no,content/plans/blog-series-3-mounted-agents-plan.md,planning,high,4981,2026-05-14,"Editorial calendar/plan"
no,content/plans/blog-series-4-lock-in-trap-plan.md,planning,high,7045,2026-05-25,"Editorial calendar/plan"
no,content/plans/blog-series-5-co-agentic-work-plan.md,planning,high,4061,2026-05-26,"Editorial calendar/plan"
no,content/plans/blog-series-6-surfaces-plan.md,planning,high,4585,2026-05-26,"Editorial calendar/plan"
yes,content/published/agent-alignment-drift.md,blog-pov,high,1797,2026-05-14,"Published POV/opinion"
yes,content/published/agent-inference-runtime-separation.md,blog-pov,high,1477,2026-05-14,"Published POV/opinion"
yes,content/published/agent-native-operations.md,blog-pov,high,1944,2026-05-14,"Already in brain (keep)"
yes,content/published/agent-output-provenance.md,blog-pov,high,1628,2026-05-14,"Published POV/opinion"
yes,content/published/agent-skills-as-packages.md,blog-pov,high,2144,2026-05-14,"Published POV/opinion"
yes,content/published/agents-need-a-resume.md,blog-pov,high,1898,2026-05-17,"Published POV/opinion"
yes,content/published/ai-data-sovereignty.md,blog-pov,high,1932,2026-06-11,"Published POV/opinion"
yes,content/published/ai-vendor-is-competitor.md,blog-pov,high,1595,2026-06-02,"Published POV/opinion"
yes,content/published/ai-vendor-lock-in-five-layers.md,blog-pov,high,2144,2026-05-26,"Already in brain (keep)"
yes,content/published/building-a-mounted-agent.md,blog-pov,high,2472,2026-05-17,"Published POV/opinion"
yes,content/published/cloud-agent-ceiling.md,blog-pov,high,1447,2026-05-17,"Published POV/opinion"
yes,content/published/collaboration-layer-lessons.md,blog-pov,high,2052,2026-05-17,"Published POV/opinion"
yes,content/published/collaboration-tax-token-bill.md,blog-pov,high,1786,2026-05-25,"Published POV/opinion"
yes,content/published/how-we-work-with-agents.md,blog-pov,high,2155,2026-06-02,"Published POV/opinion"
yes,content/published/portable-ai-agents.md,blog-pov,high,1712,2026-05-17,"Already in brain (keep)"
yes,content/published/self-updating-agent-skills.md,blog-pov,high,2024,2026-05-17,"Published POV/opinion"
yes,content/published/shared-agents-not-shared-skills.md,blog-pov,high,1754,2026-05-17,"Published POV/opinion"
yes,content/published/spec-drift-multi-agent.md,blog-pov,high,1847,2026-05-17,"Published POV/opinion"
yes,content/published/two-agents-better-than-one.md,blog-pov,high,2059,2026-06-04,"Already in brain (keep)"
yes,content/published/workflows-eat-apps.md,blog-pov,high,1729,2026-06-14,"Published POV/opinion"
no,content/sources/_archive/post-1-agentic-collaboration/references.md,reference,high,1975,2026-04-18,"Citation/bibliography, not our position"
no,content/sources/agent-alignment-drift/references.md,reference,high,631,2026-05-01,"Citation/bibliography, not our position"
no,content/sources/agent-inference-runtime-separation/references.md,reference,high,678,2026-05-06,"Citation/bibliography, not our position"
no,content/sources/agent-native-crm/references.md,reference,high,358,2026-05-01,"Citation/bibliography, not our position"
no,content/sources/agent-native-operations/references.md,reference,high,618,2026-05-01,"Citation/bibliography, not our position"
no,content/sources/agent-output-provenance/references.md,reference,high,123,2026-05-14,"Citation/bibliography, not our position"
no,content/sources/agent-readable-pages/references.md,reference,high,718,2026-04-27,"Citation/bibliography, not our position"
no,content/sources/agent-skills-as-packages/references.md,reference,high,783,2026-05-01,"Citation/bibliography, not our position"
no,content/sources/agents-need-a-resume/references.md,reference,high,111,2026-05-14,"Citation/bibliography, not our position"
no,content/sources/ai-data-sovereignty/references.md,reference,high,1140,2026-06-09,"Citation/bibliography, not our position"
no,content/sources/ai-vendor-is-competitor/references.md,reference,high,669,2026-05-29,"Citation/bibliography, not our position"
no,content/sources/ai-vendor-lock-in-five-layers/references.md,reference,high,277,2026-05-23,"Citation/bibliography, not our position"
no,content/sources/building-a-mounted-agent/references.md,reference,high,830,2026-05-12,"Citation/bibliography, not our position"
no,content/sources/cloud-agent-ceiling/references.md,reference,high,677,2026-05-01,"Citation/bibliography, not our position"
no,content/sources/collaboration-layer-lessons/references.md,reference,high,568,2026-05-01,"Citation/bibliography, not our position"
no,content/sources/collaboration-tax-token-bill/references.md,reference,high,703,2026-05-21,"Citation/bibliography, not our position"
no,content/sources/context-engineering/references.md,reference,high,939,2026-04-22,"Citation/bibliography, not our position"
no,content/sources/how-we-work-with-agents/references.md,reference,high,640,2026-05-31,"Citation/bibliography, not our position"
no,content/sources/operations-as-primitives/references.md,reference,high,755,2026-05-01,"Citation/bibliography, not our position"
no,content/sources/portable-ai-agents/references.md,reference,high,679,2026-05-03,"Citation/bibliography, not our position"
no,content/sources/self-updating-agent-skills/references.md,reference,high,711,2026-05-01,"Citation/bibliography, not our position"
no,content/sources/shared-agents-not-shared-skills/references.md,reference,high,521,2026-05-01,"Citation/bibliography, not our position"
no,content/sources/spec-drift-multi-agent/references.md,reference,high,66,2026-05-14,"Citation/bibliography, not our position"
no,content/sources/two-agents-better-than-one/references.md,reference,high,808,2026-05-26,"Citation/bibliography, not our position"
no,content/sources/workflows-eat-apps/references.md,reference,high,638,2026-06-11,"Citation/bibliography, not our position"
no,DASHBOARD.md,ops,high,3575,2026-06-08,"Dashboard/ops/status"
no,distribution/distribution-plan-2026-04-27.md,distribution,med,1885,2026-05-07,"Tactical distribution plan — review"
no,distribution/registry-checklist.md,distribution,med,373,2026-04-27,"Tactical distribution plan — review"
no,distribution/scrappy-launch-distribution-tactics-2026-05-21.md,distribution,med,300,2026-05-26,"Tactical distribution plan — review"
no,docs/superpowers/plans/2026-04-21-hermes-tokenrip-integration.md,other,low,2139,2026-04-21,"Unclassified — review"
no,docs/superpowers/specs/2026-04-21-hermes-tokenrip-integration-design.md,other,low,1373,2026-04-21,"Unclassified — review"
no,GEO-AUDIT-REPORT.md,ops,high,2290,2026-06-12,"Dashboard/ops/status"
no,Home.md,ops,high,109,2026-06-04,"Dashboard/ops/status"
no,intelligence/ai-infrastructure-vendors.md,competitive,med,234,2026-05-17,"Competitive research/reference — review"
no,intelligence/CLAUDE.md,tooling,high,308,2026-06-04,"Agent/instruction file"
no,intelligence/cloud-storage-agents-landscape.md,competitive,med,2781,2026-05-01,"Competitive research/reference — review"
no,intelligence/exploration-multi-step-orchestration-2026-03-18.md,competitive,med,4543,2026-04-19,"Competitive research/reference — review"
no,intelligence/immigration-saas-landscape.md,competitive,med,983,2026-05-25,"Competitive research/reference — review"
no,intelligence/landscape-tracker.md,competitive,med,9484,2026-04-19,"Competitive research/reference — review"
no,intelligence/leverage-projects.md,competitive,med,253,2026-05-26,"Competitive research/reference — review"
no,intelligence/power-in-the-age-of-intelligence-lessons.md,competitive,med,2421,2026-04-19,"Competitive research/reference — review"
no,intelligence/publish-new-competitive-analysis-2026-04-07.md,competitive,med,1478,2026-04-22,"Competitive research/reference — review"
no,intelligence/README.md,competitive,med,295,2026-04-19,"Competitive research/reference — review"
no,intelligence/research/ai-document-workflow-competitive-landscape-2026-04-30.md,competitive,med,1509,2026-05-01,"Competitive research/reference — review"
no,intelligence/research/aomi-competitive-analysis.md,competitive,med,2192,2026-04-19,"Competitive research/reference — review"
no,intelligence/research/bankr-competitive-analysis-2026-04-06.md,competitive,med,1769,2026-04-19,"Competitive research/reference — review"
no,intelligence/research/catena-labs-competitive-analysis-2026-03-04.md,competitive,med,2756,2026-04-19,"Competitive research/reference — review"
no,intelligence/research/gitlawb-competitive-analysis-2026-04-22.md,competitive,med,1793,2026-04-27,"Competitive research/reference — review"
no,intelligence/research/harvey-case-study-2026-04-30.md,competitive,med,3673,2026-05-01,"Competitive research/reference — review"
no,intelligence/research/legora-case-study-2026-04-29.md,competitive,med,2226,2026-05-01,"Competitive research/reference — review"
no,intelligence/research/natural-competitive-analysis-2026-03-11.md,competitive,med,2543,2026-04-19,"Competitive research/reference — review"
no,intelligence/research/research-default-com-2026-05-27.md,competitive,med,2874,2026-05-27,"Competitive research/reference — review"
no,intelligence/research/research-dust-competitive-analysis-2026-05-18.md,competitive,med,3836,2026-05-18,"Competitive research/reference — review"
no,intelligence/research/research-enterprise-ai-portability-2026-05-23.md,competitive,med,3543,2026-05-23,"Competitive research/reference — review"
no,intelligence/research/research-nessie-competitive-analysis-2026-06-01.md,competitive,med,1787,2026-06-01,"Competitive research/reference — review"
no,intelligence/research/research-openrouter-how-it-works-2026-06-16.md,competitive,med,1535,2026-06-16,"Competitive research/reference — review"
no,intelligence/research/research-zaro-competitive-analysis-2026-06-09.md,competitive,med,3040,2026-06-09,"Competitive research/reference — review"
no,intelligence/research/sapiom-competitive-analysis-2026-03-03.md,competitive,med,3161,2026-04-19,"Competitive research/reference — review"
no,intelligence/research/verifiable-intent-competitive-analysis-2026-03-19.md,competitive,med,2380,2026-04-19,"Competitive research/reference — review"
no,intelligence/tokenrip-landscape-tracker.md,competitive,med,3438,2026-06-11,"Competitive research/reference — review"
no,mountedagents/company-research/brain/flow.md,agent-config,med,569,2026-05-26,"Mounted-agent seed/persona/config"
no,mountedagents/company-research/brain/soul.md,agent-config,med,231,2026-05-26,"Mounted-agent seed/persona/config"
no,mountedagents/postmill/brain/flow.md,agent-config,med,901,2026-05-26,"Mounted-agent seed/persona/config"
no,mountedagents/postmill/brain/frameworks.md,agent-config,med,950,2026-05-26,"Mounted-agent seed/persona/config"
no,mountedagents/postmill/brain/soul.md,agent-config,med,624,2026-05-26,"Mounted-agent seed/persona/config"
no,mountedagents/postmill/brain/starter.md,agent-config,med,253,2026-05-26,"Mounted-agent seed/persona/config"
no,mountedagents/reddit-demand-scout/brain/reddit-demand-scout-consolidate.md,agent-config,med,854,2026-06-11,"Mounted-agent seed/persona/config"
no,mountedagents/reddit-demand-scout/brain/reddit-demand-scout-frameworks.md,agent-config,med,1623,2026-06-11,"Mounted-agent seed/persona/config"
no,mountedagents/reddit-demand-scout/brain/reddit-demand-scout-scan.md,agent-config,med,1236,2026-06-11,"Mounted-agent seed/persona/config"
no,mountedagents/reddit-demand-scout/brain/reddit-demand-scout-soul.md,agent-config,med,801,2026-06-11,"Mounted-agent seed/persona/config"
no,mountedagents/reddit-demand-scout/demand-landscape-seed.md,agent-config,med,128,2026-06-01,"Mounted-agent seed/persona/config"
no,mountedagents/reddit-demand-scout/mount-starter.md,agent-config,med,205,2026-06-01,"Mounted-agent seed/persona/config"
no,mountedagents/reddit-demand-scout/operator-reference-sheet.md,agent-config,med,722,2026-06-01,"Mounted-agent seed/persona/config"
no,mountedagents/reddit-demand-scout/scout-learnings-seed.md,agent-config,med,125,2026-06-01,"Mounted-agent seed/persona/config"
no,mountedagents/reply-guy/brain/reply-guy-consolidate.md,agent-config,med,615,2026-06-12,"Mounted-agent seed/persona/config"
no,mountedagents/reply-guy/brain/reply-guy-frameworks.md,agent-config,med,1434,2026-06-12,"Mounted-agent seed/persona/config"
no,mountedagents/reply-guy/brain/reply-guy-post.md,agent-config,med,696,2026-06-12,"Mounted-agent seed/persona/config"
no,mountedagents/reply-guy/brain/reply-guy-scout.md,agent-config,med,984,2026-06-12,"Mounted-agent seed/persona/config"
no,mountedagents/reply-guy/brain/reply-guy-soul.md,agent-config,med,928,2026-06-12,"Mounted-agent seed/persona/config"
no,mountedagents/reply-guy/mount-starter.md,agent-config,med,509,2026-06-12,"Mounted-agent seed/persona/config"
no,mountedagents/reply-guy/operator-reference-sheet.md,agent-config,med,691,2026-06-12,"Mounted-agent seed/persona/config"
no,mountedagents/reply-guy/voice-seed.md,agent-config,med,289,2026-06-12,"Mounted-agent seed/persona/config"
no,mountedagents/researcher/brain/researcher-flow.md,agent-config,med,975,2026-06-11,"Mounted-agent seed/persona/config"
no,mountedagents/researcher/brain/researcher-frameworks.md,agent-config,med,825,2026-06-11,"Mounted-agent seed/persona/config"
no,mountedagents/researcher/brain/researcher-mount-starter.md,agent-config,med,167,2026-06-11,"Mounted-agent seed/persona/config"
no,mountedagents/researcher/brain/researcher-soul.md,agent-config,med,630,2026-06-11,"Mounted-agent seed/persona/config"
no,mountedagents/yc-coach/brain/flow.md,agent-config,med,1064,2026-05-26,"Mounted-agent seed/persona/config"
no,mountedagents/yc-coach/brain/frameworks.md,agent-config,med,2148,2026-05-26,"Mounted-agent seed/persona/config"
no,mountedagents/yc-coach/brain/soul.md,agent-config,med,891,2026-05-26,"Mounted-agent seed/persona/config"
yes,pitch/a16z-angles-and-explorations.md,narrative,med,6013,2026-05-26,"Core thesis/positioning rationale"
yes,pitch/a16z-fused-2026-06-08/deck.md,narrative,med,1920,2026-06-11,"Carries pitch narrative and spine"
yes,pitch/a16z-fused-2026-06-08/spine.md,narrative,med,3580,2026-06-11,"Thesis/positioning rationale, durable"
yes,pitch/a16z-pitch-deck.md,narrative,med,2869,2026-06-06,"Deck narrative/argument spine"
no,product/10x-roadmap.md,planning,med,538,2026-06-04,"Build sequencing/roadmap — review"
no,product/CLAUDE.md,tooling,high,371,2026-06-09,"Agent/instruction file"
no,product/quintel/CLAUDE.md,tooling,med,767,2026-06-11,"Agent/instruction config file"
no,product/quintel/ef-product-spec-2026-06-02/SPEC.md,product-truth,med,4875,2026-06-04,"Engineering build spec"
no,product/quintel/equipment-finance-build-architecture-2026-06-02.md,product-truth,med,2780,2026-06-09,"Superseded build architecture"
yes,product/quintel/quintel-build-and-gtm-roadmap-2026-06-08.md,product-truth,med,2476,2026-06-14,"Canonical what-Quintel-is, positioning, GTM"
no,product/quintel/quintel-demo-shape-2026-06-08.md,product-truth,med,2558,2026-06-14,"Demo storyboard and build plan"
no,product/quintel/quintel-engine-build-roadmap-2026-06-09.md,product-truth,med,844,2026-06-14,"Dated engine build roadmap"
no,product/quintel/quintel-intake-design-2026-06-09.md,product-truth,med,1861,2026-06-14,"Intake/ingest design spec"
no,product/quintel/quintel-lender-build-roadmap-2026-06-10.md,product-truth,med,3721,2026-06-14,"Lender surface build spec"
yes,product/tokenrip/business-model.md,product-truth,high,3015,2026-05-17,"Already in brain (keep)"
no,product/tokenrip/CLAUDE.md,tooling,high,493,2026-06-04,"Agent/instruction file"
yes,product/tokenrip/custom-interfaces-on-artifacts-thesis-2026-05-21.md,product-truth,high,2907,2026-05-26,"Tokenrip product truth/positioning"
yes,product/tokenrip/distribution-strategy.md,product-truth,high,2455,2026-04-22,"Tokenrip product truth/positioning"
yes,product/tokenrip/external-positioning.md,product-truth,high,2634,2026-06-06,"Already in brain (keep)"
no,product/tokenrip/make-com-playbook-analysis-2026-05-21.md,analysis,med,4336,2026-05-25,"Research/design analysis — review"
yes,product/tokenrip/mounted-agent-model.md,product-truth,high,4785,2026-06-04,"Already in brain (keep)"
yes,product/tokenrip/mounted-agent-synthesis.md,product-truth,high,3504,2026-05-20,"Tokenrip product truth/positioning"
no,product/tokenrip/substack-roblox-playbook-analysis-2026-05-21.md,analysis,med,6215,2026-05-26,"Research/design analysis — review"
yes,product/tokenrip/tokenrip-branding.md,product-truth,high,1612,2026-05-01,"Tokenrip product truth/positioning"
yes,product/tokenrip/tokenrip-context.md,product-truth,high,2478,2026-05-01,"Tokenrip product truth/positioning"
no,product/tokenrip/tokenrip-homepage-redesign.md,analysis,med,2767,2026-06-04,"Research/design analysis — review"
yes,product/tokenrip/tokenrip-positioning.md,product-truth,high,2992,2026-05-14,"Already in brain (keep)"
yes,product/tokenrip/tool-layer.md,product-truth,high,2647,2026-05-17,"Tokenrip product truth/positioning"
